month,anomaly_c,Temp_C,Temp_F
1880-01-01,-0.18,13.82,56.88
1880-02-01,-0.25,13.75,56.75
1880-03-01,-0.09,13.91,57.04
1880-04-01,-0.16,13.84,56.91
1880-05-01,-0.1,13.9,57.02
1880-06-01,-0.21,13.79,56.82
1880-07-01,-0.18,13.82,56.88
1880-08-01,-0.1,13.9,57.02
1880-09-01,-0.15,13.85,56.93
1880-10-01,-0.24,13.76,56.77
1880-11-01,-0.22,13.78,56.8
1880-12-01,-0.18,13.82,56.88
1881-01-01,-0.2,13.8,56.84
1881-02-01,-0.14,13.86,56.95
1881-03-01,0.03,14.03,57.25
1881-04-01,0.05,14.05,57.29
1881-05-01,0.06,14.06,57.31
1881-06-01,-0.19,13.81,56.86
1881-07-01,0,14,57.2
1881-08-01,-0.04,13.96,57.13
1881-09-01,-0.15,13.85,56.93
1881-10-01,-0.22,13.78,56.8
1881-11-01,-0.19,13.81,56.86
1881-12-01,-0.07,13.93,57.07
1882-01-01,0.16,14.16,57.49
1882-02-01,0.14,14.14,57.45
1882-03-01,0.04,14.04,57.27
1882-04-01,-0.17,13.83,56.89
1882-05-01,-0.15,13.85,56.93
1882-06-01,-0.23,13.77,56.79
1882-07-01,-0.17,13.83,56.89
1882-08-01,-0.07,13.93,57.07
1882-09-01,-0.15,13.85,56.93
1882-10-01,-0.24,13.76,56.77
1882-11-01,-0.17,13.83,56.89
1882-12-01,-0.36,13.64,56.55
1883-01-01,-0.29,13.71,56.68
1883-02-01,-0.37,13.63,56.53
1883-03-01,-0.12,13.88,56.98
1883-04-01,-0.18,13.82,56.88
1883-05-01,-0.18,13.82,56.88
1883-06-01,-0.08,13.92,57.06
1883-07-01,-0.07,13.93,57.07
1883-08-01,-0.14,13.86,56.95
1883-09-01,-0.22,13.78,56.8
1883-10-01,-0.11,13.89,57
1883-11-01,-0.23,13.77,56.79
1883-12-01,-0.11,13.89,57
1884-01-01,-0.13,13.87,56.97
1884-02-01,-0.08,13.92,57.06
1884-03-01,-0.36,13.64,56.55
1884-04-01,-0.4,13.6,56.48
1884-05-01,-0.34,13.66,56.59
1884-06-01,-0.36,13.64,56.55
1884-07-01,-0.3,13.7,56.66
1884-08-01,-0.28,13.72,56.7
1884-09-01,-0.27,13.73,56.71
1884-10-01,-0.25,13.75,56.75
1884-11-01,-0.34,13.66,56.59
1884-12-01,-0.31,13.69,56.64
1885-01-01,-0.58,13.42,56.16
1885-02-01,-0.34,13.66,56.59
1885-03-01,-0.27,13.73,56.71
1885-04-01,-0.42,13.58,56.44
1885-05-01,-0.45,13.55,56.39
1885-06-01,-0.44,13.56,56.41
1885-07-01,-0.34,13.66,56.59
1885-08-01,-0.32,13.68,56.62
1885-09-01,-0.29,13.71,56.68
1885-10-01,-0.24,13.76,56.77
1885-11-01,-0.24,13.76,56.77
1885-12-01,-0.11,13.89,57
1886-01-01,-0.45,13.55,56.39
1886-02-01,-0.51,13.49,56.28
1886-03-01,-0.43,13.57,56.43
1886-04-01,-0.28,13.72,56.7
1886-05-01,-0.25,13.75,56.75
1886-06-01,-0.35,13.65,56.57
1886-07-01,-0.18,13.82,56.88
1886-08-01,-0.31,13.69,56.64
1886-09-01,-0.24,13.76,56.77
1886-10-01,-0.28,13.72,56.7
1886-11-01,-0.27,13.73,56.71
1886-12-01,-0.26,13.74,56.73
1887-01-01,-0.72,13.28,55.9
1887-02-01,-0.57,13.43,56.17
1887-03-01,-0.36,13.64,56.55
1887-04-01,-0.35,13.65,56.57
1887-05-01,-0.31,13.69,56.64
1887-06-01,-0.25,13.75,56.75
1887-07-01,-0.26,13.74,56.73
1887-08-01,-0.36,13.64,56.55
1887-09-01,-0.26,13.74,56.73
1887-10-01,-0.36,13.64,56.55
1887-11-01,-0.27,13.73,56.71
1887-12-01,-0.33,13.67,56.61
1888-01-01,-0.35,13.65,56.57
1888-02-01,-0.36,13.64,56.55
1888-03-01,-0.42,13.58,56.44
1888-04-01,-0.21,13.79,56.82
1888-05-01,-0.22,13.78,56.8
1888-06-01,-0.17,13.83,56.89
1888-07-01,-0.11,13.89,57
1888-08-01,-0.16,13.84,56.91
1888-09-01,-0.12,13.88,56.98
1888-10-01,0.01,14.01,57.22
1888-11-01,0.02,14.02,57.24
1888-12-01,-0.04,13.96,57.13
1889-01-01,-0.09,13.91,57.04
1889-02-01,0.16,14.16,57.49
1889-03-01,0.06,14.06,57.31
1889-04-01,0.09,14.09,57.36
1889-05-01,-0.01,13.99,57.18
1889-06-01,-0.1,13.9,57.02
1889-07-01,-0.08,13.92,57.06
1889-08-01,-0.21,13.79,56.82
1889-09-01,-0.24,13.76,56.77
1889-10-01,-0.26,13.74,56.73
1889-11-01,-0.34,13.66,56.59
1889-12-01,-0.29,13.71,56.68
1890-01-01,-0.42,13.58,56.44
1890-02-01,-0.45,13.55,56.39
1890-03-01,-0.4,13.6,56.48
1890-04-01,-0.3,13.7,56.66
1890-05-01,-0.4,13.6,56.48
1890-06-01,-0.25,13.75,56.75
1890-07-01,-0.28,13.72,56.7
1890-08-01,-0.39,13.61,56.5
1890-09-01,-0.37,13.63,56.53
1890-10-01,-0.25,13.75,56.75
1890-11-01,-0.44,13.56,56.41
1890-12-01,-0.32,13.68,56.62
1891-01-01,-0.34,13.66,56.59
1891-02-01,-0.47,13.53,56.35
1891-03-01,-0.18,13.82,56.88
1891-04-01,-0.27,13.73,56.71
1891-05-01,-0.17,13.83,56.89
1891-06-01,-0.21,13.79,56.82
1891-07-01,-0.18,13.82,56.88
1891-08-01,-0.18,13.82,56.88
1891-09-01,-0.16,13.84,56.91
1891-10-01,-0.22,13.78,56.8
1891-11-01,-0.32,13.68,56.62
1891-12-01,-0.05,13.95,57.11
1892-01-01,-0.3,13.7,56.66
1892-02-01,-0.12,13.88,56.98
1892-03-01,-0.41,13.59,56.46
1892-04-01,-0.34,13.66,56.59
1892-05-01,-0.24,13.76,56.77
1892-06-01,-0.23,13.77,56.79
1892-07-01,-0.32,13.68,56.62
1892-08-01,-0.28,13.72,56.7
1892-09-01,-0.17,13.83,56.89
1892-10-01,-0.14,13.86,56.95
1892-11-01,-0.42,13.58,56.44
1892-12-01,-0.39,13.61,56.5
1893-01-01,-0.81,13.19,55.74
1893-02-01,-0.56,13.44,56.19
1893-03-01,-0.22,13.78,56.8
1893-04-01,-0.27,13.73,56.71
1893-05-01,-0.33,13.67,56.61
1893-06-01,-0.25,13.75,56.75
1893-07-01,-0.14,13.86,56.95
1893-08-01,-0.25,13.75,56.75
1893-09-01,-0.23,13.77,56.79
1893-10-01,-0.19,13.81,56.86
1893-11-01,-0.19,13.81,56.86
1893-12-01,-0.34,13.66,56.59
1894-01-01,-0.53,13.47,56.25
1894-02-01,-0.31,13.69,56.64
1894-03-01,-0.24,13.76,56.77
1894-04-01,-0.46,13.54,56.37
1894-05-01,-0.33,13.67,56.61
1894-06-01,-0.41,13.59,56.46
1894-07-01,-0.25,13.75,56.75
1894-08-01,-0.26,13.74,56.73
1894-09-01,-0.29,13.71,56.68
1894-10-01,-0.24,13.76,56.77
1894-11-01,-0.27,13.73,56.71
1894-12-01,-0.23,13.77,56.79
1895-01-01,-0.43,13.57,56.43
1895-02-01,-0.43,13.57,56.43
1895-03-01,-0.34,13.66,56.59
1895-04-01,-0.23,13.77,56.79
1895-05-01,-0.29,13.71,56.68
1895-06-01,-0.22,13.78,56.8
1895-07-01,-0.18,13.82,56.88
1895-08-01,-0.19,13.81,56.86
1895-09-01,-0.13,13.87,56.97
1895-10-01,-0.1,13.9,57.02
1895-11-01,-0.17,13.83,56.89
1895-12-01,-0.14,13.86,56.95
1896-01-01,-0.22,13.78,56.8
1896-02-01,-0.12,13.88,56.98
1896-03-01,-0.26,13.74,56.73
1896-04-01,-0.3,13.7,56.66
1896-05-01,-0.16,13.84,56.91
1896-06-01,-0.11,13.89,57
1896-07-01,-0.02,13.98,57.16
1896-08-01,-0.05,13.95,57.11
1896-09-01,-0.07,13.93,57.07
1896-10-01,0.06,14.06,57.31
1896-11-01,-0.04,13.96,57.13
1896-12-01,-0.04,13.96,57.13
1897-01-01,-0.15,13.85,56.93
1897-02-01,-0.17,13.83,56.89
1897-03-01,-0.13,13.87,56.97
1897-04-01,-0.02,13.98,57.16
1897-05-01,-0.01,13.99,57.18
1897-06-01,-0.11,13.89,57
1897-07-01,-0.02,13.98,57.16
1897-08-01,-0.09,13.91,57.04
1897-09-01,-0.08,13.92,57.06
1897-10-01,-0.13,13.87,56.97
1897-11-01,-0.17,13.83,56.89
1897-12-01,-0.2,13.8,56.84
1898-01-01,-0.02,13.98,57.16
1898-02-01,-0.3,13.7,56.66
1898-03-01,-0.51,13.49,56.28
1898-04-01,-0.31,13.69,56.64
1898-05-01,-0.3,13.7,56.66
1898-06-01,-0.19,13.81,56.86
1898-07-01,-0.23,13.77,56.79
1898-08-01,-0.27,13.73,56.71
1898-09-01,-0.21,13.79,56.82
1898-10-01,-0.34,13.66,56.59
1898-11-01,-0.38,13.62,56.52
1898-12-01,-0.23,13.77,56.79
1899-01-01,-0.16,13.84,56.91
1899-02-01,-0.38,13.62,56.52
1899-03-01,-0.36,13.64,56.55
1899-04-01,-0.21,13.79,56.82
1899-05-01,-0.24,13.76,56.77
1899-06-01,-0.32,13.68,56.62
1899-07-01,-0.17,13.83,56.89
1899-08-01,-0.09,13.91,57.04
1899-09-01,-0.05,13.95,57.11
1899-10-01,-0.04,13.96,57.13
1899-11-01,0.12,14.12,57.42
1899-12-01,-0.26,13.74,56.73
1900-01-01,-0.36,13.64,56.55
1900-02-01,-0.05,13.95,57.11
1900-03-01,0.01,14.01,57.22
1900-04-01,-0.08,13.92,57.06
1900-05-01,-0.09,13.91,57.04
1900-06-01,-0.1,13.9,57.02
1900-07-01,-0.13,13.87,56.97
1900-08-01,-0.09,13.91,57.04
1900-09-01,-0.05,13.95,57.11
1900-10-01,0.1,14.1,57.38
1900-11-01,-0.06,13.94,57.09
1900-12-01,-0.07,13.93,57.07
1901-01-01,-0.21,13.79,56.82
1901-02-01,-0.11,13.89,57
1901-03-01,0.06,14.06,57.31
1901-04-01,-0.03,13.97,57.15
1901-05-01,-0.15,13.85,56.93
1901-06-01,-0.11,13.89,57
1901-07-01,-0.14,13.86,56.95
1901-08-01,-0.2,13.8,56.84
1901-09-01,-0.23,13.77,56.79
1901-10-01,-0.29,13.71,56.68
1901-11-01,-0.16,13.84,56.91
1901-12-01,-0.27,13.73,56.71
1902-01-01,-0.16,13.84,56.91
1902-02-01,-0.09,13.91,57.04
1902-03-01,-0.26,13.74,56.73
1902-04-01,-0.27,13.73,56.71
1902-05-01,-0.32,13.68,56.62
1902-06-01,-0.31,13.69,56.64
1902-07-01,-0.27,13.73,56.71
1902-08-01,-0.3,13.7,56.66
1902-09-01,-0.29,13.71,56.68
1902-10-01,-0.3,13.7,56.66
1902-11-01,-0.36,13.64,56.55
1902-12-01,-0.41,13.59,56.46
1903-01-01,-0.24,13.76,56.77
1903-02-01,-0.05,13.95,57.11
1903-03-01,-0.23,13.77,56.79
1903-04-01,-0.41,13.59,56.46
1903-05-01,-0.39,13.61,56.5
1903-06-01,-0.42,13.58,56.44
1903-07-01,-0.34,13.66,56.59
1903-08-01,-0.45,13.55,56.39
1903-09-01,-0.49,13.51,56.32
1903-10-01,-0.46,13.54,56.37
1903-11-01,-0.42,13.58,56.44
1903-12-01,-0.5,13.5,56.3
1904-01-01,-0.62,13.38,56.08
1904-02-01,-0.58,13.42,56.16
1904-03-01,-0.5,13.5,56.3
1904-04-01,-0.5,13.5,56.3
1904-05-01,-0.52,13.48,56.26
1904-06-01,-0.48,13.52,56.34
1904-07-01,-0.51,13.49,56.28
1904-08-01,-0.49,13.51,56.32
1904-09-01,-0.56,13.44,56.19
1904-10-01,-0.39,13.61,56.5
1904-11-01,-0.17,13.83,56.89
1904-12-01,-0.33,13.67,56.61
1905-01-01,-0.35,13.65,56.57
1905-02-01,-0.59,13.41,56.14
1905-03-01,-0.21,13.79,56.82
1905-04-01,-0.33,13.67,56.61
1905-05-01,-0.29,13.71,56.68
1905-06-01,-0.28,13.72,56.7
1905-07-01,-0.26,13.74,56.73
1905-08-01,-0.2,13.8,56.84
1905-09-01,-0.19,13.81,56.86
1905-10-01,-0.25,13.75,56.75
1905-11-01,-0.07,13.93,57.07
1905-12-01,-0.13,13.87,56.97
1906-01-01,-0.28,13.72,56.7
1906-02-01,-0.29,13.71,56.68
1906-03-01,-0.18,13.82,56.88
1906-04-01,-0.05,13.95,57.11
1906-05-01,-0.26,13.74,56.73
1906-06-01,-0.19,13.81,56.86
1906-07-01,-0.23,13.77,56.79
1906-08-01,-0.2,13.8,56.84
1906-09-01,-0.28,13.72,56.7
1906-10-01,-0.19,13.81,56.86
1906-11-01,-0.38,13.62,56.52
1906-12-01,-0.14,13.86,56.95
1907-01-01,-0.42,13.58,56.44
1907-02-01,-0.51,13.49,56.28
1907-03-01,-0.27,13.73,56.71
1907-04-01,-0.36,13.64,56.55
1907-05-01,-0.46,13.54,56.37
1907-06-01,-0.41,13.59,56.46
1907-07-01,-0.34,13.66,56.59
1907-08-01,-0.34,13.66,56.59
1907-09-01,-0.34,13.66,56.59
1907-10-01,-0.22,13.78,56.8
1907-11-01,-0.46,13.54,56.37
1907-12-01,-0.47,13.53,56.35
1908-01-01,-0.44,13.56,56.41
1908-02-01,-0.32,13.68,56.62
1908-03-01,-0.55,13.45,56.21
1908-04-01,-0.44,13.56,56.41
1908-05-01,-0.37,13.63,56.53
1908-06-01,-0.38,13.62,56.52
1908-07-01,-0.35,13.65,56.57
1908-08-01,-0.46,13.54,56.37
1908-09-01,-0.35,13.65,56.57
1908-10-01,-0.44,13.56,56.41
1908-11-01,-0.52,13.48,56.26
1908-12-01,-0.49,13.51,56.32
1909-01-01,-0.73,13.27,55.89
1909-02-01,-0.46,13.54,56.37
1909-03-01,-0.54,13.46,56.23
1909-04-01,-0.59,13.41,56.14
1909-05-01,-0.55,13.45,56.21
1909-06-01,-0.52,13.48,56.26
1909-07-01,-0.45,13.55,56.39
1909-08-01,-0.34,13.66,56.59
1909-09-01,-0.39,13.61,56.5
1909-10-01,-0.4,13.6,56.48
1909-11-01,-0.32,13.68,56.62
1909-12-01,-0.56,13.44,56.19
1910-01-01,-0.42,13.58,56.44
1910-02-01,-0.41,13.59,56.46
1910-03-01,-0.5,13.5,56.3
1910-04-01,-0.42,13.58,56.44
1910-05-01,-0.34,13.66,56.59
1910-06-01,-0.39,13.61,56.5
1910-07-01,-0.35,13.65,56.57
1910-08-01,-0.37,13.63,56.53
1910-09-01,-0.39,13.61,56.5
1910-10-01,-0.41,13.59,56.46
1910-11-01,-0.57,13.43,56.17
1910-12-01,-0.67,13.33,55.99
1911-01-01,-0.62,13.38,56.08
1911-02-01,-0.58,13.42,56.16
1911-03-01,-0.6,13.4,56.12
1911-04-01,-0.54,13.46,56.23
1911-05-01,-0.52,13.48,56.26
1911-06-01,-0.51,13.49,56.28
1911-07-01,-0.42,13.58,56.44
1911-08-01,-0.44,13.56,56.41
1911-09-01,-0.41,13.59,56.46
1911-10-01,-0.27,13.73,56.71
1911-11-01,-0.22,13.78,56.8
1911-12-01,-0.21,13.79,56.82
1912-01-01,-0.25,13.75,56.75
1912-02-01,-0.14,13.86,56.95
1912-03-01,-0.38,13.62,56.52
1912-04-01,-0.17,13.83,56.89
1912-05-01,-0.22,13.78,56.8
1912-06-01,-0.24,13.76,56.77
1912-07-01,-0.42,13.58,56.44
1912-08-01,-0.54,13.46,56.23
1912-09-01,-0.58,13.42,56.16
1912-10-01,-0.57,13.43,56.17
1912-11-01,-0.39,13.61,56.5
1912-12-01,-0.43,13.57,56.43
1913-01-01,-0.4,13.6,56.48
1913-02-01,-0.45,13.55,56.39
1913-03-01,-0.42,13.58,56.44
1913-04-01,-0.39,13.61,56.5
1913-05-01,-0.44,13.56,56.41
1913-06-01,-0.45,13.55,56.39
1913-07-01,-0.36,13.64,56.55
1913-08-01,-0.33,13.67,56.61
1913-09-01,-0.35,13.65,56.57
1913-10-01,-0.32,13.68,56.62
1913-11-01,-0.2,13.8,56.84
1913-12-01,-0.02,13.98,57.16
1914-01-01,0.05,14.05,57.29
1914-02-01,-0.09,13.91,57.04
1914-03-01,-0.24,13.76,56.77
1914-04-01,-0.29,13.71,56.68
1914-05-01,-0.21,13.79,56.82
1914-06-01,-0.25,13.75,56.75
1914-07-01,-0.23,13.77,56.79
1914-08-01,-0.16,13.84,56.91
1914-09-01,-0.16,13.84,56.91
1914-10-01,-0.03,13.97,57.15
1914-11-01,-0.15,13.85,56.93
1914-12-01,-0.04,13.96,57.13
1915-01-01,-0.2,13.8,56.84
1915-02-01,-0.03,13.97,57.15
1915-03-01,-0.1,13.9,57.02
1915-04-01,0.07,14.07,57.33
1915-05-01,-0.06,13.94,57.09
1915-06-01,-0.22,13.78,56.8
1915-07-01,-0.12,13.88,56.98
1915-08-01,-0.22,13.78,56.8
1915-09-01,-0.2,13.8,56.84
1915-10-01,-0.24,13.76,56.77
1915-11-01,-0.13,13.87,56.97
1915-12-01,-0.2,13.8,56.84
1916-01-01,-0.12,13.88,56.98
1916-02-01,-0.14,13.86,56.95
1916-03-01,-0.28,13.72,56.7
1916-04-01,-0.3,13.7,56.66
1916-05-01,-0.35,13.65,56.57
1916-06-01,-0.49,13.51,56.32
1916-07-01,-0.37,13.63,56.53
1916-08-01,-0.28,13.72,56.7
1916-09-01,-0.36,13.64,56.55
1916-10-01,-0.33,13.67,56.61
1916-11-01,-0.46,13.54,56.37
1916-12-01,-0.81,13.19,55.74
1917-01-01,-0.56,13.44,56.19
1917-02-01,-0.62,13.38,56.08
1917-03-01,-0.63,13.37,56.07
1917-04-01,-0.54,13.46,56.23
1917-05-01,-0.55,13.45,56.21
1917-06-01,-0.43,13.57,56.43
1917-07-01,-0.25,13.75,56.75
1917-08-01,-0.22,13.78,56.8
1917-09-01,-0.22,13.78,56.8
1917-10-01,-0.44,13.56,56.41
1917-11-01,-0.33,13.67,56.61
1917-12-01,-0.67,13.33,55.99
1918-01-01,-0.47,13.53,56.35
1918-02-01,-0.34,13.66,56.59
1918-03-01,-0.24,13.76,56.77
1918-04-01,-0.44,13.56,56.41
1918-05-01,-0.43,13.57,56.43
1918-06-01,-0.36,13.64,56.55
1918-07-01,-0.31,13.69,56.64
1918-08-01,-0.31,13.69,56.64
1918-09-01,-0.17,13.83,56.89
1918-10-01,-0.06,13.94,57.09
1918-11-01,-0.11,13.89,57
1918-12-01,-0.29,13.71,56.68
1919-01-01,-0.2,13.8,56.84
1919-02-01,-0.23,13.77,56.79
1919-03-01,-0.21,13.79,56.82
1919-04-01,-0.12,13.88,56.98
1919-05-01,-0.28,13.72,56.7
1919-06-01,-0.36,13.64,56.55
1919-07-01,-0.29,13.71,56.68
1919-08-01,-0.33,13.67,56.61
1919-09-01,-0.25,13.75,56.75
1919-10-01,-0.2,13.8,56.84
1919-11-01,-0.41,13.59,56.46
1919-12-01,-0.42,13.58,56.44
1920-01-01,-0.24,13.76,56.77
1920-02-01,-0.26,13.74,56.73
1920-03-01,-0.12,13.88,56.98
1920-04-01,-0.24,13.76,56.77
1920-05-01,-0.27,13.73,56.71
1920-06-01,-0.36,13.64,56.55
1920-07-01,-0.3,13.7,56.66
1920-08-01,-0.26,13.74,56.73
1920-09-01,-0.22,13.78,56.8
1920-10-01,-0.26,13.74,56.73
1920-11-01,-0.27,13.73,56.71
1920-12-01,-0.46,13.54,56.37
1921-01-01,-0.05,13.95,57.11
1921-02-01,-0.17,13.83,56.89
1921-03-01,-0.22,13.78,56.8
1921-04-01,-0.29,13.71,56.68
1921-05-01,-0.3,13.7,56.66
1921-06-01,-0.27,13.73,56.71
1921-07-01,-0.14,13.86,56.95
1921-08-01,-0.26,13.74,56.73
1921-09-01,-0.19,13.81,56.86
1921-10-01,-0.03,13.97,57.15
1921-11-01,-0.14,13.86,56.95
1921-12-01,-0.17,13.83,56.89
1922-01-01,-0.33,13.67,56.61
1922-02-01,-0.44,13.56,56.41
1922-03-01,-0.14,13.86,56.95
1922-04-01,-0.23,13.77,56.79
1922-05-01,-0.33,13.67,56.61
1922-06-01,-0.3,13.7,56.66
1922-07-01,-0.27,13.73,56.71
1922-08-01,-0.33,13.67,56.61
1922-09-01,-0.35,13.65,56.57
1922-10-01,-0.31,13.69,56.64
1922-11-01,-0.14,13.86,56.95
1922-12-01,-0.19,13.81,56.86
1923-01-01,-0.26,13.74,56.73
1923-02-01,-0.39,13.61,56.5
1923-03-01,-0.33,13.67,56.61
1923-04-01,-0.4,13.6,56.48
1923-05-01,-0.33,13.67,56.61
1923-06-01,-0.29,13.71,56.68
1923-07-01,-0.31,13.69,56.64
1923-08-01,-0.33,13.67,56.61
1923-09-01,-0.31,13.69,56.64
1923-10-01,-0.13,13.87,56.97
1923-11-01,-0.02,13.98,57.16
1923-12-01,-0.03,13.97,57.15
1924-01-01,-0.22,13.78,56.8
1924-02-01,-0.22,13.78,56.8
1924-03-01,-0.08,13.92,57.06
1924-04-01,-0.29,13.71,56.68
1924-05-01,-0.18,13.82,56.88
1924-06-01,-0.26,13.74,56.73
1924-07-01,-0.28,13.72,56.7
1924-08-01,-0.36,13.64,56.55
1924-09-01,-0.32,13.68,56.62
1924-10-01,-0.35,13.65,56.57
1924-11-01,-0.2,13.8,56.84
1924-12-01,-0.42,13.58,56.44
1925-01-01,-0.37,13.63,56.53
1925-02-01,-0.38,13.62,56.52
1925-03-01,-0.27,13.73,56.71
1925-04-01,-0.25,13.75,56.75
1925-05-01,-0.29,13.71,56.68
1925-06-01,-0.32,13.68,56.62
1925-07-01,-0.27,13.73,56.71
1925-08-01,-0.2,13.8,56.84
1925-09-01,-0.19,13.81,56.86
1925-10-01,-0.17,13.83,56.89
1925-11-01,0.06,14.06,57.31
1925-12-01,0.07,14.07,57.33
1926-01-01,0.21,14.21,57.58
1926-02-01,0.03,14.03,57.25
1926-03-01,0.12,14.12,57.42
1926-04-01,-0.12,13.88,56.98
1926-05-01,-0.23,13.77,56.79
1926-06-01,-0.26,13.74,56.73
1926-07-01,-0.27,13.73,56.71
1926-08-01,-0.14,13.86,56.95
1926-09-01,-0.15,13.85,56.93
1926-10-01,-0.12,13.88,56.98
1926-11-01,-0.06,13.94,57.09
1926-12-01,-0.3,13.7,56.66
1927-01-01,-0.27,13.73,56.71
1927-02-01,-0.17,13.83,56.89
1927-03-01,-0.38,13.62,56.52
1927-04-01,-0.3,13.7,56.66
1927-05-01,-0.25,13.75,56.75
1927-06-01,-0.27,13.73,56.71
1927-07-01,-0.19,13.81,56.86
1927-08-01,-0.24,13.76,56.77
1927-09-01,-0.13,13.87,56.97
1927-10-01,-0.01,13.99,57.18
1927-11-01,-0.05,13.95,57.11
1927-12-01,-0.33,13.67,56.61
1928-01-01,-0.02,13.98,57.16
1928-02-01,-0.09,13.91,57.04
1928-03-01,-0.24,13.76,56.77
1928-04-01,-0.28,13.72,56.7
1928-05-01,-0.3,13.7,56.66
1928-06-01,-0.39,13.61,56.5
1928-07-01,-0.19,13.81,56.86
1928-08-01,-0.22,13.78,56.8
1928-09-01,-0.21,13.79,56.82
1928-10-01,-0.19,13.81,56.86
1928-11-01,-0.09,13.91,57.04
1928-12-01,-0.16,13.84,56.91
1929-01-01,-0.45,13.55,56.39
1929-02-01,-0.58,13.42,56.16
1929-03-01,-0.32,13.68,56.62
1929-04-01,-0.41,13.59,56.46
1929-05-01,-0.38,13.62,56.52
1929-06-01,-0.43,13.57,56.43
1929-07-01,-0.36,13.64,56.55
1929-08-01,-0.33,13.67,56.61
1929-09-01,-0.25,13.75,56.75
1929-10-01,-0.14,13.86,56.95
1929-11-01,-0.12,13.88,56.98
1929-12-01,-0.54,13.46,56.23
1930-01-01,-0.3,13.7,56.66
1930-02-01,-0.26,13.74,56.73
1930-03-01,-0.1,13.9,57.02
1930-04-01,-0.24,13.76,56.77
1930-05-01,-0.24,13.76,56.77
1930-06-01,-0.22,13.78,56.8
1930-07-01,-0.21,13.79,56.82
1930-08-01,-0.15,13.85,56.93
1930-09-01,-0.16,13.84,56.91
1930-10-01,-0.12,13.88,56.98
1930-11-01,0.18,14.18,57.52
1930-12-01,-0.05,13.95,57.11
1931-01-01,-0.1,13.9,57.02
1931-02-01,-0.21,13.79,56.82
1931-03-01,-0.1,13.9,57.02
1931-04-01,-0.23,13.77,56.79
1931-05-01,-0.2,13.8,56.84
1931-06-01,-0.08,13.92,57.06
1931-07-01,-0.04,13.96,57.13
1931-08-01,-0.04,13.96,57.13
1931-09-01,-0.07,13.93,57.07
1931-10-01,0.06,14.06,57.31
1931-11-01,-0.06,13.94,57.09
1931-12-01,-0.05,13.95,57.11
1932-01-01,0.16,14.16,57.49
1932-02-01,-0.17,13.83,56.89
1932-03-01,-0.18,13.82,56.88
1932-04-01,-0.06,13.94,57.09
1932-05-01,-0.17,13.83,56.89
1932-06-01,-0.29,13.71,56.68
1932-07-01,-0.24,13.76,56.77
1932-08-01,-0.22,13.78,56.8
1932-09-01,-0.11,13.89,57
1932-10-01,-0.09,13.91,57.04
1932-11-01,-0.27,13.73,56.71
1932-12-01,-0.26,13.74,56.73
1933-01-01,-0.23,13.77,56.79
1933-02-01,-0.29,13.71,56.68
1933-03-01,-0.29,13.71,56.68
1933-04-01,-0.24,13.76,56.77
1933-05-01,-0.29,13.71,56.68
1933-06-01,-0.34,13.66,56.59
1933-07-01,-0.21,13.79,56.82
1933-08-01,-0.23,13.77,56.79
1933-09-01,-0.29,13.71,56.68
1933-10-01,-0.24,13.76,56.77
1933-11-01,-0.3,13.7,56.66
1933-12-01,-0.44,13.56,56.41
1934-01-01,-0.2,13.8,56.84
1934-02-01,-0.02,13.98,57.16
1934-03-01,-0.28,13.72,56.7
1934-04-01,-0.3,13.7,56.66
1934-05-01,-0.09,13.91,57.04
1934-06-01,-0.15,13.85,56.93
1934-07-01,-0.1,13.9,57.02
1934-08-01,-0.11,13.89,57
1934-09-01,-0.15,13.85,56.93
1934-10-01,-0.06,13.94,57.09
1934-11-01,0.04,14.04,57.27
1934-12-01,-0.02,13.98,57.16
1935-01-01,-0.34,13.66,56.59
1935-02-01,0.14,14.14,57.45
1935-03-01,-0.14,13.86,56.95
1935-04-01,-0.37,13.63,56.53
1935-05-01,-0.28,13.72,56.7
1935-06-01,-0.26,13.74,56.73
1935-07-01,-0.21,13.79,56.82
1935-08-01,-0.22,13.78,56.8
1935-09-01,-0.21,13.79,56.82
1935-10-01,-0.05,13.95,57.11
1935-11-01,-0.25,13.75,56.75
1935-12-01,-0.16,13.84,56.91
1936-01-01,-0.27,13.73,56.71
1936-02-01,-0.37,13.63,56.53
1936-03-01,-0.2,13.8,56.84
1936-04-01,-0.2,13.8,56.84
1936-05-01,-0.16,13.84,56.91
1936-06-01,-0.21,13.79,56.82
1936-07-01,-0.09,13.91,57.04
1936-08-01,-0.13,13.87,56.97
1936-09-01,-0.09,13.91,57.04
1936-10-01,-0.02,13.98,57.16
1936-11-01,0.02,14.02,57.24
1936-12-01,0,14,57.2
1937-01-01,-0.07,13.93,57.07
1937-02-01,0.03,14.03,57.25
1937-03-01,-0.2,13.8,56.84
1937-04-01,-0.15,13.85,56.93
1937-05-01,-0.05,13.95,57.11
1937-06-01,-0.05,13.95,57.11
1937-07-01,-0.03,13.97,57.15
1937-08-01,0.02,14.02,57.24
1937-09-01,0.09,14.09,57.36
1937-10-01,0.09,14.09,57.36
1937-11-01,0.08,14.08,57.34
1937-12-01,-0.07,13.93,57.07
1938-01-01,0.09,14.09,57.36
1938-02-01,0.04,14.04,57.27
1938-03-01,0.1,14.1,57.38
1938-04-01,0.07,14.07,57.33
1938-05-01,-0.09,13.91,57.04
1938-06-01,-0.17,13.83,56.89
1938-07-01,-0.09,13.91,57.04
1938-08-01,-0.05,13.95,57.11
1938-09-01,0.01,14.01,57.22
1938-10-01,0.15,14.15,57.47
1938-11-01,0.08,14.08,57.34
1938-12-01,-0.12,13.88,56.98
1939-01-01,-0.05,13.95,57.11
1939-02-01,-0.06,13.94,57.09
1939-03-01,-0.17,13.83,56.89
1939-04-01,-0.1,13.9,57.02
1939-05-01,-0.04,13.96,57.13
1939-06-01,-0.06,13.94,57.09
1939-07-01,-0.05,13.95,57.11
1939-08-01,-0.06,13.94,57.09
1939-09-01,-0.07,13.93,57.07
1939-10-01,-0.03,13.97,57.15
1939-11-01,0.08,14.08,57.34
1939-12-01,0.43,14.43,57.97
1940-01-01,0,14,57.2
1940-02-01,0.08,14.08,57.34
1940-03-01,0.09,14.09,57.36
1940-04-01,0.18,14.18,57.52
1940-05-01,0.11,14.11,57.4
1940-06-01,0.12,14.12,57.42
1940-07-01,0.12,14.12,57.42
1940-08-01,0.07,14.07,57.33
1940-09-01,0.15,14.15,57.47
1940-10-01,0.11,14.11,57.4
1940-11-01,0.16,14.16,57.49
1940-12-01,0.31,14.31,57.76
1941-01-01,0.18,14.18,57.52
1941-02-01,0.31,14.31,57.76
1941-03-01,0.1,14.1,57.38
1941-04-01,0.16,14.16,57.49
1941-05-01,0.17,14.17,57.51
1941-06-01,0.13,14.13,57.43
1941-07-01,0.22,14.22,57.6
1941-08-01,0.15,14.15,57.47
1941-09-01,0.02,14.02,57.24
1941-10-01,0.35,14.35,57.83
1941-11-01,0.23,14.23,57.61
1941-12-01,0.22,14.22,57.6
1942-01-01,0.29,14.29,57.72
1942-02-01,0.02,14.02,57.24
1942-03-01,0.06,14.06,57.31
1942-04-01,0.09,14.09,57.36
1942-05-01,0.11,14.11,57.4
1942-06-01,0.05,14.05,57.29
1942-07-01,0,14,57.2
1942-08-01,-0.04,13.96,57.13
1942-09-01,-0.03,13.97,57.15
1942-10-01,0.02,14.02,57.24
1942-11-01,0.1,14.1,57.38
1942-12-01,0.13,14.13,57.43
1943-01-01,-0.01,13.99,57.18
1943-02-01,0.18,14.18,57.52
1943-03-01,-0.03,13.97,57.15
1943-04-01,0.11,14.11,57.4
1943-05-01,0.07,14.07,57.33
1943-06-01,-0.05,13.95,57.11
1943-07-01,0.09,14.09,57.36
1943-08-01,0.01,14.01,57.22
1943-09-01,0.05,14.05,57.29
1943-10-01,0.23,14.23,57.61
1943-11-01,0.2,14.2,57.56
1943-12-01,0.24,14.24,57.63
1944-01-01,0.36,14.36,57.85
1944-02-01,0.24,14.24,57.63
1944-03-01,0.26,14.26,57.67
1944-04-01,0.2,14.2,57.56
1944-05-01,0.2,14.2,57.56
1944-06-01,0.16,14.16,57.49
1944-07-01,0.18,14.18,57.52
1944-08-01,0.18,14.18,57.52
1944-09-01,0.28,14.28,57.7
1944-10-01,0.26,14.26,57.67
1944-11-01,0.11,14.11,57.4
1944-12-01,0.04,14.04,57.27
1945-01-01,0.1,14.1,57.38
1945-02-01,0.01,14.01,57.22
1945-03-01,0.06,14.06,57.31
1945-04-01,0.2,14.2,57.56
1945-05-01,0.06,14.06,57.31
1945-06-01,0.01,14.01,57.22
1945-07-01,0.04,14.04,57.27
1945-08-01,0.26,14.26,57.67
1945-09-01,0.2,14.2,57.56
1945-10-01,0.19,14.19,57.54
1945-11-01,0.07,14.07,57.33
1945-12-01,-0.06,13.94,57.09
1946-01-01,0.15,14.15,57.47
1946-02-01,0.03,14.03,57.25
1946-03-01,0.01,14.01,57.22
1946-04-01,0.06,14.06,57.31
1946-05-01,-0.07,13.93,57.07
1946-06-01,-0.21,13.79,56.82
1946-07-01,-0.12,13.88,56.98
1946-08-01,-0.2,13.8,56.84
1946-09-01,-0.08,13.92,57.06
1946-10-01,-0.08,13.92,57.06
1946-11-01,-0.05,13.95,57.11
1946-12-01,-0.31,13.69,56.64
1947-01-01,-0.06,13.94,57.09
1947-02-01,-0.07,13.93,57.07
1947-03-01,0.07,14.07,57.33
1947-04-01,0.06,14.06,57.31
1947-05-01,-0.02,13.98,57.16
1947-06-01,-0.01,13.99,57.18
1947-07-01,-0.04,13.96,57.13
1947-08-01,-0.07,13.93,57.07
1947-09-01,-0.12,13.88,56.98
1947-10-01,0.08,14.08,57.34
1947-11-01,0.03,14.03,57.25
1947-12-01,-0.13,13.87,56.97
1948-01-01,0.07,14.07,57.33
1948-02-01,-0.14,13.86,56.95
1948-03-01,-0.24,13.76,56.77
1948-04-01,-0.12,13.88,56.98
1948-05-01,-0.01,13.99,57.18
1948-06-01,-0.05,13.95,57.11
1948-07-01,-0.11,13.89,57
1948-08-01,-0.12,13.88,56.98
1948-09-01,-0.14,13.86,56.95
1948-10-01,-0.05,13.95,57.11
1948-11-01,-0.12,13.88,56.98
1948-12-01,-0.23,13.77,56.79
1949-01-01,0.07,14.07,57.33
1949-02-01,-0.14,13.86,56.95
1949-03-01,-0.02,13.98,57.16
1949-04-01,-0.11,13.89,57
1949-05-01,-0.1,13.9,57.02
1949-06-01,-0.27,13.73,56.71
1949-07-01,-0.13,13.87,56.97
1949-08-01,-0.13,13.87,56.97
1949-09-01,-0.15,13.85,56.93
1949-10-01,-0.07,13.93,57.07
1949-11-01,-0.1,13.9,57.02
1949-12-01,-0.18,13.82,56.88
1950-01-01,-0.26,13.74,56.73
1950-02-01,-0.27,13.73,56.71
1950-03-01,-0.07,13.93,57.07
1950-04-01,-0.21,13.79,56.82
1950-05-01,-0.11,13.89,57
1950-06-01,-0.05,13.95,57.11
1950-07-01,-0.08,13.92,57.06
1950-08-01,-0.16,13.84,56.91
1950-09-01,-0.11,13.89,57
1950-10-01,-0.2,13.8,56.84
1950-11-01,-0.34,13.66,56.59
1950-12-01,-0.21,13.79,56.82
1951-01-01,-0.34,13.66,56.59
1951-02-01,-0.41,13.59,56.46
1951-03-01,-0.2,13.8,56.84
1951-04-01,-0.14,13.86,56.95
1951-05-01,0,14,57.2
1951-06-01,-0.06,13.94,57.09
1951-07-01,-0.01,13.99,57.18
1951-08-01,0.06,14.06,57.31
1951-09-01,0.05,14.05,57.29
1951-10-01,0.08,14.08,57.34
1951-11-01,-0.01,13.99,57.18
1951-12-01,0.16,14.16,57.49
1952-01-01,0.11,14.11,57.4
1952-02-01,0.11,14.11,57.4
1952-03-01,-0.08,13.92,57.06
1952-04-01,0.04,14.04,57.27
1952-05-01,-0.03,13.97,57.15
1952-06-01,-0.03,13.97,57.15
1952-07-01,0.04,14.04,57.27
1952-08-01,0.05,14.05,57.29
1952-09-01,0.07,14.07,57.33
1952-10-01,0,14,57.2
1952-11-01,-0.13,13.87,56.97
1952-12-01,-0.02,13.98,57.16
1953-01-01,0.07,14.07,57.33
1953-02-01,0.15,14.15,57.47
1953-03-01,0.11,14.11,57.4
1953-04-01,0.19,14.19,57.54
1953-05-01,0.11,14.11,57.4
1953-06-01,0.12,14.12,57.42
1953-07-01,0.01,14.01,57.22
1953-08-01,0.05,14.05,57.29
1953-09-01,0.04,14.04,57.27
1953-10-01,0.08,14.08,57.34
1953-11-01,-0.03,13.97,57.15
1953-12-01,0.05,14.05,57.29
1954-01-01,-0.24,13.76,56.77
1954-02-01,-0.1,13.9,57.02
1954-03-01,-0.15,13.85,56.93
1954-04-01,-0.14,13.86,56.95
1954-05-01,-0.2,13.8,56.84
1954-06-01,-0.19,13.81,56.86
1954-07-01,-0.19,13.81,56.86
1954-08-01,-0.17,13.83,56.89
1954-09-01,-0.1,13.9,57.02
1954-10-01,-0.02,13.98,57.16
1954-11-01,0.08,14.08,57.34
1954-12-01,-0.18,13.82,56.88
1955-01-01,0.13,14.13,57.43
1955-02-01,-0.16,13.84,56.91
1955-03-01,-0.32,13.68,56.62
1955-04-01,-0.22,13.78,56.8
1955-05-01,-0.2,13.8,56.84
1955-06-01,-0.14,13.86,56.95
1955-07-01,-0.11,13.89,57
1955-08-01,0.02,14.02,57.24
1955-09-01,-0.11,13.89,57
1955-10-01,-0.05,13.95,57.11
1955-11-01,-0.25,13.75,56.75
1955-12-01,-0.28,13.72,56.7
1956-01-01,-0.13,13.87,56.97
1956-02-01,-0.24,13.76,56.77
1956-03-01,-0.21,13.79,56.82
1956-04-01,-0.28,13.72,56.7
1956-05-01,-0.29,13.71,56.68
1956-06-01,-0.15,13.85,56.93
1956-07-01,-0.09,13.91,57.04
1956-08-01,-0.26,13.74,56.73
1956-09-01,-0.19,13.81,56.86
1956-10-01,-0.23,13.77,56.79
1956-11-01,-0.15,13.85,56.93
1956-12-01,-0.06,13.94,57.09
1957-01-01,-0.09,13.91,57.04
1957-02-01,-0.03,13.97,57.15
1957-03-01,-0.05,13.95,57.11
1957-04-01,0,14,57.2
1957-05-01,0.09,14.09,57.36
1957-06-01,0.16,14.16,57.49
1957-07-01,0.02,14.02,57.24
1957-08-01,0.15,14.15,57.47
1957-09-01,0.09,14.09,57.36
1957-10-01,0.01,14.01,57.22
1957-11-01,0.08,14.08,57.34
1957-12-01,0.15,14.15,57.47
1958-01-01,0.39,14.39,57.9
1958-02-01,0.22,14.22,57.6
1958-03-01,0.08,14.08,57.34
1958-04-01,0.01,14.01,57.22
1958-05-01,0.06,14.06,57.31
1958-06-01,-0.08,13.92,57.06
1958-07-01,0.05,14.05,57.29
1958-08-01,-0.05,13.95,57.11
1958-09-01,-0.02,13.98,57.16
1958-10-01,0.04,14.04,57.27
1958-11-01,0.02,14.02,57.24
1958-12-01,0.01,14.01,57.22
1959-01-01,0.08,14.08,57.34
1959-02-01,0.07,14.07,57.33
1959-03-01,0.18,14.18,57.52
1959-04-01,0.16,14.16,57.49
1959-05-01,0.04,14.04,57.27
1959-06-01,0.03,14.03,57.25
1959-07-01,0.03,14.03,57.25
1959-08-01,-0.01,13.99,57.18
1959-09-01,-0.06,13.94,57.09
1959-10-01,-0.07,13.93,57.07
1959-11-01,-0.08,13.92,57.06
1959-12-01,0,14,57.2
1960-01-01,0,14,57.2
1960-02-01,0.13,14.13,57.43
1960-03-01,-0.35,13.65,56.57
1960-04-01,-0.15,13.85,56.93
1960-05-01,-0.08,13.92,57.06
1960-06-01,-0.04,13.96,57.13
1960-07-01,-0.04,13.96,57.13
1960-08-01,0.02,14.02,57.24
1960-09-01,0.07,14.07,57.33
1960-10-01,0.06,14.06,57.31
1960-11-01,-0.11,13.89,57
1960-12-01,0.19,14.19,57.54
1961-01-01,0.07,14.07,57.33
1961-02-01,0.19,14.19,57.54
1961-03-01,0.09,14.09,57.36
1961-04-01,0.13,14.13,57.43
1961-05-01,0.12,14.12,57.42
1961-06-01,0.11,14.11,57.4
1961-07-01,0.01,14.01,57.22
1961-08-01,0,14,57.2
1961-09-01,0.09,14.09,57.36
1961-10-01,0,14,57.2
1961-11-01,0.03,14.03,57.25
1961-12-01,-0.16,13.84,56.91
1962-01-01,0.05,14.05,57.29
1962-02-01,0.15,14.15,57.47
1962-03-01,0.1,14.1,57.38
1962-04-01,0.05,14.05,57.29
1962-05-01,-0.06,13.94,57.09
1962-06-01,0.03,14.03,57.25
1962-07-01,0.02,14.02,57.24
1962-08-01,-0.01,13.99,57.18
1962-09-01,0,14,57.2
1962-10-01,0.01,14.01,57.22
1962-11-01,0.06,14.06,57.31
1962-12-01,-0.03,13.97,57.15
1963-01-01,-0.03,13.97,57.15
1963-02-01,0.18,14.18,57.52
1963-03-01,-0.14,13.86,56.95
1963-04-01,-0.07,13.93,57.07
1963-05-01,-0.06,13.94,57.09
1963-06-01,0.05,14.05,57.29
1963-07-01,0.06,14.06,57.31
1963-08-01,0.22,14.22,57.6
1963-09-01,0.18,14.18,57.52
1963-10-01,0.14,14.14,57.45
1963-11-01,0.15,14.15,57.47
1963-12-01,-0.03,13.97,57.15
1964-01-01,-0.09,13.91,57.04
1964-02-01,-0.1,13.9,57.02
1964-03-01,-0.21,13.79,56.82
1964-04-01,-0.32,13.68,56.62
1964-05-01,-0.25,13.75,56.75
1964-06-01,-0.04,13.96,57.13
1964-07-01,-0.04,13.96,57.13
1964-08-01,-0.22,13.78,56.8
1964-09-01,-0.29,13.71,56.68
1964-10-01,-0.32,13.68,56.62
1964-11-01,-0.21,13.79,56.82
1964-12-01,-0.29,13.71,56.68
1965-01-01,-0.08,13.92,57.06
1965-02-01,-0.17,13.83,56.89
1965-03-01,-0.13,13.87,56.97
1965-04-01,-0.19,13.81,56.86
1965-05-01,-0.12,13.88,56.98
1965-06-01,-0.08,13.92,57.06
1965-07-01,-0.13,13.87,56.97
1965-08-01,-0.04,13.96,57.13
1965-09-01,-0.15,13.85,56.93
1965-10-01,-0.05,13.95,57.11
1965-11-01,-0.06,13.94,57.09
1965-12-01,-0.08,13.92,57.06
1966-01-01,-0.19,13.81,56.86
1966-02-01,-0.04,13.96,57.13
1966-03-01,0.03,14.03,57.25
1966-04-01,-0.13,13.87,56.97
1966-05-01,-0.12,13.88,56.98
1966-06-01,0.01,14.01,57.22
1966-07-01,0.08,14.08,57.34
1966-08-01,-0.09,13.91,57.04
1966-09-01,-0.03,13.97,57.15
1966-10-01,-0.17,13.83,56.89
1966-11-01,-0.01,13.99,57.18
1966-12-01,-0.03,13.97,57.15
1967-01-01,-0.07,13.93,57.07
1967-02-01,-0.21,13.79,56.82
1967-03-01,0.05,14.05,57.29
1967-04-01,-0.05,13.95,57.11
1967-05-01,0.12,14.12,57.42
1967-06-01,-0.08,13.92,57.06
1967-07-01,0.02,14.02,57.24
1967-08-01,0.01,14.01,57.22
1967-09-01,-0.06,13.94,57.09
1967-10-01,0.09,14.09,57.36
1967-11-01,-0.05,13.95,57.11
1967-12-01,-0.05,13.95,57.11
1968-01-01,-0.26,13.74,56.73
1968-02-01,-0.14,13.86,56.95
1968-03-01,0.2,14.2,57.56
1968-04-01,-0.06,13.94,57.09
1968-05-01,-0.14,13.86,56.95
1968-06-01,-0.09,13.91,57.04
1968-07-01,-0.13,13.87,56.97
1968-08-01,-0.09,13.91,57.04
1968-09-01,-0.19,13.81,56.86
1968-10-01,0.09,14.09,57.36
1968-11-01,-0.05,13.95,57.11
1968-12-01,-0.14,13.86,56.95
1969-01-01,-0.11,13.89,57
1969-02-01,-0.18,13.82,56.88
1969-03-01,0.01,14.01,57.22
1969-04-01,0.17,14.17,57.51
1969-05-01,0.18,14.18,57.52
1969-06-01,0.03,14.03,57.25
1969-07-01,-0.04,13.96,57.13
1969-08-01,0.04,14.04,57.27
1969-09-01,0.08,14.08,57.34
1969-10-01,0.09,14.09,57.36
1969-11-01,0.12,14.12,57.42
1969-12-01,0.24,14.24,57.63
1970-01-01,0.08,14.08,57.34
1970-02-01,0.22,14.22,57.6
1970-03-01,0.06,14.06,57.31
1970-04-01,0.05,14.05,57.29
1970-05-01,-0.03,13.97,57.15
1970-06-01,-0.03,13.97,57.15
1970-07-01,0.01,14.01,57.22
1970-08-01,-0.1,13.9,57.02
1970-09-01,0.12,14.12,57.42
1970-10-01,0.03,14.03,57.25
1970-11-01,0.02,14.02,57.24
1970-12-01,-0.12,13.88,56.98
1971-01-01,-0.03,13.97,57.15
1971-02-01,-0.15,13.85,56.93
1971-03-01,-0.18,13.82,56.88
1971-04-01,-0.07,13.93,57.07
1971-05-01,-0.05,13.95,57.11
1971-06-01,-0.16,13.84,56.91
1971-07-01,-0.08,13.92,57.06
1971-08-01,-0.01,13.99,57.18
1971-09-01,-0.06,13.94,57.09
1971-10-01,-0.04,13.96,57.13
1971-11-01,-0.07,13.93,57.07
1971-12-01,-0.08,13.92,57.06
1972-01-01,-0.22,13.78,56.8
1972-02-01,-0.18,13.82,56.88
1972-03-01,0.02,14.02,57.24
1972-04-01,0,14,57.2
1972-05-01,-0.03,13.97,57.15
1972-06-01,0.04,14.04,57.27
1972-07-01,0.01,14.01,57.22
1972-08-01,0.16,14.16,57.49
1972-09-01,0.02,14.02,57.24
1972-10-01,0.08,14.08,57.34
1972-11-01,0.02,14.02,57.24
1972-12-01,0.18,14.18,57.52
1973-01-01,0.29,14.29,57.72
1973-02-01,0.32,14.32,57.78
1973-03-01,0.29,14.29,57.72
1973-04-01,0.27,14.27,57.69
1973-05-01,0.23,14.23,57.61
1973-06-01,0.19,14.19,57.54
1973-07-01,0.12,14.12,57.42
1973-08-01,0.05,14.05,57.29
1973-09-01,0.09,14.09,57.36
1973-10-01,0.1,14.1,57.38
1973-11-01,0.04,14.04,57.27
1973-12-01,-0.07,13.93,57.07
1974-01-01,-0.1,13.9,57.02
1974-02-01,-0.27,13.73,56.71
1974-03-01,-0.05,13.95,57.11
1974-04-01,-0.11,13.89,57
1974-05-01,-0.04,13.96,57.13
1974-06-01,-0.05,13.95,57.11
1974-07-01,-0.03,13.97,57.15
1974-08-01,0.1,14.1,57.38
1974-09-01,-0.08,13.92,57.06
1974-10-01,-0.05,13.95,57.11
1974-11-01,-0.08,13.92,57.06
1974-12-01,-0.08,13.92,57.06
1975-01-01,0.1,14.1,57.38
1975-02-01,0.08,14.08,57.34
1975-03-01,0.12,14.12,57.42
1975-04-01,0.04,14.04,57.27
1975-05-01,0.16,14.16,57.49
1975-06-01,-0.01,13.99,57.18
1975-07-01,0,14,57.2
1975-08-01,-0.17,13.83,56.89
1975-09-01,-0.02,13.98,57.16
1975-10-01,-0.11,13.89,57
1975-11-01,-0.17,13.83,56.89
1975-12-01,-0.17,13.83,56.89
1976-01-01,-0.03,13.97,57.15
1976-02-01,-0.06,13.94,57.09
1976-03-01,-0.22,13.78,56.8
1976-04-01,-0.07,13.93,57.07
1976-05-01,-0.21,13.79,56.82
1976-06-01,-0.12,13.88,56.98
1976-07-01,-0.1,13.9,57.02
1976-08-01,-0.12,13.88,56.98
1976-09-01,-0.06,13.94,57.09
1976-10-01,-0.24,13.76,56.77
1976-11-01,-0.06,13.94,57.09
1976-12-01,0.11,14.11,57.4
1977-01-01,0.19,14.19,57.54
1977-02-01,0.23,14.23,57.61
1977-03-01,0.25,14.25,57.65
1977-04-01,0.26,14.26,57.67
1977-05-01,0.33,14.33,57.79
1977-06-01,0.27,14.27,57.69
1977-07-01,0.2,14.2,57.56
1977-08-01,0.18,14.18,57.52
1977-09-01,0.02,14.02,57.24
1977-10-01,0.03,14.03,57.25
1977-11-01,0.16,14.16,57.49
1977-12-01,0.03,14.03,57.25
1978-01-01,0.06,14.06,57.31
1978-02-01,0.1,14.1,57.38
1978-03-01,0.19,14.19,57.54
1978-04-01,0.17,14.17,57.51
1978-05-01,0.09,14.09,57.36
1978-06-01,-0.01,13.99,57.18
1978-07-01,0.04,14.04,57.27
1978-08-01,-0.13,13.87,56.97
1978-09-01,0.06,14.06,57.31
1978-10-01,0.03,14.03,57.25
1978-11-01,0.14,14.14,57.45
1978-12-01,0.08,14.08,57.34
1979-01-01,0.09,14.09,57.36
1979-02-01,-0.1,13.9,57.02
1979-03-01,0.19,14.19,57.54
1979-04-01,0.15,14.15,57.47
1979-05-01,0.04,14.04,57.27
1979-06-01,0.14,14.14,57.45
1979-07-01,0.04,14.04,57.27
1979-08-01,0.17,14.17,57.51
1979-09-01,0.25,14.25,57.65
1979-10-01,0.26,14.26,57.67
1979-11-01,0.28,14.28,57.7
1979-12-01,0.48,14.48,58.06
1980-01-01,0.3,14.3,57.74
1980-02-01,0.39,14.39,57.9
1980-03-01,0.3,14.3,57.74
1980-04-01,0.3,14.3,57.74
1980-05-01,0.35,14.35,57.83
1980-06-01,0.21,14.21,57.58
1980-07-01,0.22,14.22,57.6
1980-08-01,0.19,14.19,57.54
1980-09-01,0.21,14.21,57.58
1980-10-01,0.13,14.13,57.43
1980-11-01,0.3,14.3,57.74
1980-12-01,0.22,14.22,57.6
1981-01-01,0.53,14.53,58.15
1981-02-01,0.42,14.42,57.96
1981-03-01,0.48,14.48,58.06
1981-04-01,0.32,14.32,57.78
1981-05-01,0.25,14.25,57.65
1981-06-01,0.29,14.29,57.72
1981-07-01,0.32,14.32,57.78
1981-08-01,0.35,14.35,57.83
1981-09-01,0.15,14.15,57.47
1981-10-01,0.12,14.12,57.42
1981-11-01,0.23,14.23,57.61
1981-12-01,0.41,14.41,57.94
1982-01-01,0.05,14.05,57.29
1982-02-01,0.15,14.15,57.47
1982-03-01,0.03,14.03,57.25
1982-04-01,0.15,14.15,57.47
1982-05-01,0.18,14.18,57.52
1982-06-01,0.06,14.06,57.31
1982-07-01,0.15,14.15,57.47
1982-08-01,0.04,14.04,57.27
1982-09-01,0.14,14.14,57.45
1982-10-01,0.13,14.13,57.43
1982-11-01,0.18,14.18,57.52
1982-12-01,0.43,14.43,57.97
1983-01-01,0.53,14.53,58.15
1983-02-01,0.43,14.43,57.97
1983-03-01,0.42,14.42,57.96
1983-04-01,0.28,14.28,57.7
1983-05-01,0.34,14.34,57.81
1983-06-01,0.23,14.23,57.61
1983-07-01,0.18,14.18,57.52
1983-08-01,0.36,14.36,57.85
1983-09-01,0.37,14.37,57.87
1983-10-01,0.17,14.17,57.51
1983-11-01,0.3,14.3,57.74
1983-12-01,0.17,14.17,57.51
1984-01-01,0.31,14.31,57.76
1984-02-01,0.14,14.14,57.45
1984-03-01,0.26,14.26,57.67
1984-04-01,0.06,14.06,57.31
1984-05-01,0.33,14.33,57.79
1984-06-01,0.02,14.02,57.24
1984-07-01,0.19,14.19,57.54
1984-08-01,0.19,14.19,57.54
1984-09-01,0.21,14.21,57.58
1984-10-01,0.14,14.14,57.45
1984-11-01,0.07,14.07,57.33
1984-12-01,-0.04,13.96,57.13
1985-01-01,0.22,14.22,57.6
1985-02-01,-0.04,13.96,57.13
1985-03-01,0.17,14.17,57.51
1985-04-01,0.12,14.12,57.42
1985-05-01,0.14,14.14,57.45
1985-06-01,0.15,14.15,57.47
1985-07-01,0.04,14.04,57.27
1985-08-01,0.17,14.17,57.51
1985-09-01,0.13,14.13,57.43
1985-10-01,0.12,14.12,57.42
1985-11-01,0.05,14.05,57.29
1985-12-01,0.14,14.14,57.45
1986-01-01,0.26,14.26,57.67
1986-02-01,0.37,14.37,57.87
1986-03-01,0.3,14.3,57.74
1986-04-01,0.22,14.22,57.6
1986-05-01,0.21,14.21,57.58
1986-06-01,0.12,14.12,57.42
1986-07-01,0.11,14.11,57.4
1986-08-01,0.16,14.16,57.49
1986-09-01,0.03,14.03,57.25
1986-10-01,0.15,14.15,57.47
1986-11-01,0.1,14.1,57.38
1986-12-01,0.13,14.13,57.43
1987-01-01,0.32,14.32,57.78
1987-02-01,0.43,14.43,57.97
1987-03-01,0.19,14.19,57.54
1987-04-01,0.24,14.24,57.63
1987-05-01,0.26,14.26,57.67
1987-06-01,0.35,14.35,57.83
1987-07-01,0.4,14.4,57.92
1987-08-01,0.25,14.25,57.65
1987-09-01,0.35,14.35,57.83
1987-10-01,0.33,14.33,57.79
1987-11-01,0.29,14.29,57.72
1987-12-01,0.46,14.46,58.03
1988-01-01,0.57,14.57,58.23
1988-02-01,0.44,14.44,57.99
1988-03-01,0.52,14.52,58.14
1988-04-01,0.43,14.43,57.97
1988-05-01,0.44,14.44,57.99
1988-06-01,0.4,14.4,57.92
1988-07-01,0.33,14.33,57.79
1988-08-01,0.39,14.39,57.9
1988-09-01,0.37,14.37,57.87
1988-10-01,0.38,14.38,57.88
1988-11-01,0.12,14.12,57.42
1988-12-01,0.29,14.29,57.72
1989-01-01,0.13,14.13,57.43
1989-02-01,0.3,14.3,57.74
1989-03-01,0.36,14.36,57.85
1989-04-01,0.29,14.29,57.72
1989-05-01,0.17,14.17,57.51
1989-06-01,0.15,14.15,57.47
1989-07-01,0.34,14.34,57.81
1989-08-01,0.33,14.33,57.79
1989-09-01,0.34,14.34,57.81
1989-10-01,0.29,14.29,57.72
1989-11-01,0.2,14.2,57.56
1989-12-01,0.37,14.37,57.87
1990-01-01,0.41,14.41,57.94
1990-02-01,0.44,14.44,57.99
1990-03-01,0.8,14.8,58.64
1990-04-01,0.56,14.56,58.21
1990-05-01,0.46,14.46,58.03
1990-06-01,0.38,14.38,57.88
1990-07-01,0.46,14.46,58.03
1990-08-01,0.34,14.34,57.81
1990-09-01,0.23,14.23,57.61
1990-10-01,0.45,14.45,58.01
1990-11-01,0.46,14.46,58.03
1990-12-01,0.41,14.41,57.94
1991-01-01,0.43,14.43,57.97
1991-02-01,0.5,14.5,58.1
1991-03-01,0.35,14.35,57.83
1991-04-01,0.51,14.51,58.12
1991-05-01,0.34,14.34,57.81
1991-06-01,0.53,14.53,58.15
1991-07-01,0.47,14.47,58.05
1991-08-01,0.39,14.39,57.9
1991-09-01,0.44,14.44,57.99
1991-10-01,0.29,14.29,57.72
1991-11-01,0.3,14.3,57.74
1991-12-01,0.32,14.32,57.78
1992-01-01,0.48,14.48,58.06
1992-02-01,0.4,14.4,57.92
1992-03-01,0.48,14.48,58.06
1992-04-01,0.27,14.27,57.69
1992-05-01,0.31,14.31,57.76
1992-06-01,0.26,14.26,57.67
1992-07-01,0.09,14.09,57.36
1992-08-01,0.08,14.08,57.34
1992-09-01,-0.01,13.99,57.18
1992-10-01,0.06,14.06,57.31
1992-11-01,0.03,14.03,57.25
1992-12-01,0.22,14.22,57.6
1993-01-01,0.35,14.35,57.83
1993-02-01,0.37,14.37,57.87
1993-03-01,0.36,14.36,57.85
1993-04-01,0.28,14.28,57.7
1993-05-01,0.28,14.28,57.7
1993-06-01,0.23,14.23,57.61
1993-07-01,0.25,14.25,57.65
1993-08-01,0.11,14.11,57.4
1993-09-01,0.12,14.12,57.42
1993-10-01,0.23,14.23,57.61
1993-11-01,0.03,14.03,57.25
1993-12-01,0.18,14.18,57.52
1994-01-01,0.26,14.26,57.67
1994-02-01,0.03,14.03,57.25
1994-03-01,0.29,14.29,57.72
1994-04-01,0.41,14.41,57.94
1994-05-01,0.28,14.28,57.7
1994-06-01,0.44,14.44,57.99
1994-07-01,0.3,14.3,57.74
1994-08-01,0.21,14.21,57.58
1994-09-01,0.32,14.32,57.78
1994-10-01,0.42,14.42,57.96
1994-11-01,0.44,14.44,57.99
1994-12-01,0.38,14.38,57.88
1995-01-01,0.52,14.52,58.14
1995-02-01,0.79,14.79,58.62
1995-03-01,0.47,14.47,58.05
1995-04-01,0.47,14.47,58.05
1995-05-01,0.27,14.27,57.69
1995-06-01,0.43,14.43,57.97
1995-07-01,0.45,14.45,58.01
1995-08-01,0.45,14.45,58.01
1995-09-01,0.34,14.34,57.81
1995-10-01,0.47,14.47,58.05
1995-11-01,0.44,14.44,57.99
1995-12-01,0.26,14.26,57.67
1996-01-01,0.24,14.24,57.63
1996-02-01,0.46,14.46,58.03
1996-03-01,0.33,14.33,57.79
1996-04-01,0.33,14.33,57.79
1996-05-01,0.27,14.27,57.69
1996-06-01,0.29,14.29,57.72
1996-07-01,0.37,14.37,57.87
1996-08-01,0.48,14.48,58.06
1996-09-01,0.25,14.25,57.65
1996-10-01,0.2,14.2,57.56
1996-11-01,0.38,14.38,57.88
1996-12-01,0.37,14.37,57.87
1997-01-01,0.31,14.31,57.76
1997-02-01,0.41,14.41,57.94
1997-03-01,0.52,14.52,58.14
1997-04-01,0.34,14.34,57.81
1997-05-01,0.34,14.34,57.81
1997-06-01,0.55,14.55,58.19
1997-07-01,0.34,14.34,57.81
1997-08-01,0.41,14.41,57.94
1997-09-01,0.52,14.52,58.14
1997-10-01,0.61,14.61,58.3
1997-11-01,0.64,14.64,58.35
1997-12-01,0.59,14.59,58.26
1998-01-01,0.58,14.58,58.24
1998-02-01,0.88,14.88,58.78
1998-03-01,0.63,14.63,58.33
1998-04-01,0.63,14.63,58.33
1998-05-01,0.68,14.68,58.42
1998-06-01,0.77,14.77,58.59
1998-07-01,0.66,14.66,58.39
1998-08-01,0.66,14.66,58.39
1998-09-01,0.42,14.42,57.96
1998-10-01,0.41,14.41,57.94
1998-11-01,0.43,14.43,57.97
1998-12-01,0.55,14.55,58.19
1999-01-01,0.49,14.49,58.08
1999-02-01,0.64,14.64,58.35
1999-03-01,0.32,14.32,57.78
1999-04-01,0.32,14.32,57.78
1999-05-01,0.27,14.27,57.69
1999-06-01,0.36,14.36,57.85
1999-07-01,0.38,14.38,57.88
1999-08-01,0.32,14.32,57.78
1999-09-01,0.39,14.39,57.9
1999-10-01,0.34,14.34,57.81
1999-11-01,0.37,14.37,57.87
1999-12-01,0.41,14.41,57.94
2000-01-01,0.25,14.25,57.65
2000-02-01,0.56,14.56,58.21
2000-03-01,0.55,14.55,58.19
2000-04-01,0.57,14.57,58.23
2000-05-01,0.36,14.36,57.85
2000-06-01,0.4,14.4,57.92
2000-07-01,0.39,14.39,57.9
2000-08-01,0.43,14.43,57.97
2000-09-01,0.39,14.39,57.9
2000-10-01,0.26,14.26,57.67
2000-11-01,0.3,14.3,57.74
2000-12-01,0.28,14.28,57.7
2001-01-01,0.46,14.46,58.03
2001-02-01,0.44,14.44,57.99
2001-03-01,0.56,14.56,58.21
2001-04-01,0.5,14.5,58.1
2001-05-01,0.58,14.58,58.24
2001-06-01,0.52,14.52,58.14
2001-07-01,0.59,14.59,58.26
2001-08-01,0.49,14.49,58.08
2001-09-01,0.52,14.52,58.14
2001-10-01,0.5,14.5,58.1
2001-11-01,0.72,14.72,58.5
2001-12-01,0.56,14.56,58.21
2002-01-01,0.77,14.77,58.59
2002-02-01,0.79,14.79,58.62
2002-03-01,0.88,14.88,58.78
2002-04-01,0.58,14.58,58.24
2002-05-01,0.64,14.64,58.35
2002-06-01,0.53,14.53,58.15
2002-07-01,0.62,14.62,58.32
2002-08-01,0.53,14.53,58.15
2002-09-01,0.63,14.63,58.33
2002-10-01,0.54,14.54,58.17
2002-11-01,0.59,14.59,58.26
2002-12-01,0.44,14.44,57.99
2003-01-01,0.75,14.75,58.55
2003-02-01,0.59,14.59,58.26
2003-03-01,0.6,14.6,58.28
2003-04-01,0.55,14.55,58.19
2003-05-01,0.61,14.61,58.3
2003-06-01,0.48,14.48,58.06
2003-07-01,0.58,14.58,58.24
2003-08-01,0.65,14.65,58.37
2003-09-01,0.62,14.62,58.32
2003-10-01,0.73,14.73,58.51
2003-11-01,0.53,14.53,58.15
2003-12-01,0.75,14.75,58.55
2004-01-01,0.59,14.59,58.26
2004-02-01,0.73,14.73,58.51
2004-03-01,0.63,14.63,58.33
2004-04-01,0.61,14.61,58.3
2004-05-01,0.37,14.37,57.87
2004-06-01,0.44,14.44,57.99
2004-07-01,0.26,14.26,57.67
2004-08-01,0.46,14.46,58.03
2004-09-01,0.5,14.5,58.1
2004-10-01,0.61,14.61,58.3
2004-11-01,0.73,14.73,58.51
2004-12-01,0.51,14.51,58.12
2005-01-01,0.74,14.74,58.53
2005-02-01,0.6,14.6,58.28
2005-03-01,0.74,14.74,58.53
2005-04-01,0.67,14.67,58.41
2005-05-01,0.63,14.63,58.33
2005-06-01,0.65,14.65,58.37
2005-07-01,0.61,14.61,58.3
2005-08-01,0.6,14.6,58.28
2005-09-01,0.71,14.71,58.48
2005-10-01,0.75,14.75,58.55
2005-11-01,0.74,14.74,58.53
2005-12-01,0.68,14.68,58.42
2006-01-01,0.56,14.56,58.21
2006-02-01,0.73,14.73,58.51
2006-03-01,0.63,14.63,58.33
2006-04-01,0.47,14.47,58.05
2006-05-01,0.48,14.48,58.06
2006-06-01,0.66,14.66,58.39
2006-07-01,0.54,14.54,58.17
2006-08-01,0.71,14.71,58.48
2006-09-01,0.65,14.65,58.37
2006-10-01,0.7,14.7,58.46
2006-11-01,0.74,14.74,58.53
2006-12-01,0.79,14.79,58.62
2007-01-01,1.02,15.02,59.04
2007-02-01,0.7,14.7,58.46
2007-03-01,0.73,14.73,58.51
2007-04-01,0.77,14.77,58.59
2007-05-01,0.69,14.69,58.44
2007-06-01,0.61,14.61,58.3
2007-07-01,0.6,14.6,58.28
2007-08-01,0.6,14.6,58.28
2007-09-01,0.6,14.6,58.28
2007-10-01,0.59,14.59,58.26
2007-11-01,0.59,14.59,58.26
2007-12-01,0.5,14.5,58.1
2008-01-01,0.31,14.31,57.76
2008-02-01,0.38,14.38,57.88
2008-03-01,0.75,14.75,58.55
2008-04-01,0.54,14.54,58.17
2008-05-01,0.49,14.49,58.08
2008-06-01,0.49,14.49,58.08
2008-07-01,0.6,14.6,58.28
2008-08-01,0.46,14.46,58.03
2008-09-01,0.61,14.61,58.3
2008-10-01,0.67,14.67,58.41
2008-11-01,0.69,14.69,58.44
2008-12-01,0.54,14.54,58.17
2009-01-01,0.65,14.65,58.37
2009-02-01,0.53,14.53,58.15
2009-03-01,0.54,14.54,58.17
2009-04-01,0.61,14.61,58.3
2009-05-01,0.65,14.65,58.37
2009-06-01,0.65,14.65,58.37
2009-07-01,0.74,14.74,58.53
2009-08-01,0.69,14.69,58.44
2009-09-01,0.72,14.72,58.5
2009-10-01,0.65,14.65,58.37
2009-11-01,0.8,14.8,58.64
2009-12-01,0.68,14.68,58.42
2010-01-01,0.75,14.75,58.55
2010-02-01,0.84,14.84,58.71
2010-03-01,0.93,14.93,58.87
2010-04-01,0.85,14.85,58.73
2010-05-01,0.76,14.76,58.57
2010-06-01,0.68,14.68,58.42
2010-07-01,0.63,14.63,58.33
2010-08-01,0.67,14.67,58.41
2010-09-01,0.63,14.63,58.33
2010-10-01,0.71,14.71,58.48
2010-11-01,0.82,14.82,58.68
2010-12-01,0.45,14.45,58.01
2011-01-01,0.52,14.52,58.14
2011-02-01,0.48,14.48,58.06
2011-03-01,0.66,14.66,58.39
2011-04-01,0.65,14.65,58.37
2011-05-01,0.53,14.53,58.15
2011-06-01,0.63,14.63,58.33
2011-07-01,0.7,14.7,58.46
2011-08-01,0.75,14.75,58.55
2011-09-01,0.57,14.57,58.23
2011-10-01,0.66,14.66,58.39
2011-11-01,0.59,14.59,58.26
2011-12-01,0.61,14.61,58.3
2012-01-01,0.49,14.49,58.08
2012-02-01,0.49,14.49,58.08
2012-03-01,0.58,14.58,58.24
2012-04-01,0.73,14.73,58.51
2012-05-01,0.78,14.78,58.6
2012-06-01,0.64,14.64,58.35
2012-07-01,0.59,14.59,58.26
2012-08-01,0.65,14.65,58.37
2012-09-01,0.73,14.73,58.51
2012-10-01,0.79,14.79,58.62
2012-11-01,0.79,14.79,58.62
2012-12-01,0.54,14.54,58.17
2013-01-01,0.71,14.71,58.48
2013-02-01,0.62,14.62,58.32
2013-03-01,0.67,14.67,58.41
2013-04-01,0.54,14.54,58.17
2013-05-01,0.61,14.61,58.3
2013-06-01,0.69,14.69,58.44
2013-07-01,0.6,14.6,58.28
2013-08-01,0.69,14.69,58.44
2013-09-01,0.77,14.77,58.59
2013-10-01,0.69,14.69,58.44
2013-11-01,0.84,14.84,58.71
2013-12-01,0.7,14.7,58.46
2014-01-01,0.76,14.76,58.57
2014-02-01,0.55,14.55,58.19
2014-03-01,0.78,14.78,58.6
2014-04-01,0.8,14.8,58.64
2014-05-01,0.86,14.86,58.75
2014-06-01,0.67,14.67,58.41
2014-07-01,0.58,14.58,58.24
2014-08-01,0.83,14.83,58.69
2014-09-01,0.88,14.88,58.78
2014-10-01,0.81,14.81,58.66
2014-11-01,0.67,14.67,58.41
2014-12-01,0.78,14.78,58.6
2015-01-01,0.86,14.86,58.75
2015-02-01,0.9,14.9,58.82
2015-03-01,0.96,14.96,58.93
2015-04-01,0.76,14.76,58.57
2015-05-01,0.8,14.8,58.64
2015-06-01,0.81,14.81,58.66
2015-07-01,0.73,14.73,58.51
2015-08-01,0.8,14.8,58.64
2015-09-01,0.85,14.85,58.73
2015-10-01,1.09,15.09,59.16
2015-11-01,1.06,15.06,59.11
2015-12-01,1.16,15.16,59.29
2016-01-01,1.17,15.17,59.31
2016-02-01,1.37,15.37,59.67
2016-03-01,1.36,15.36,59.65
2016-04-01,1.1,15.1,59.18
2016-05-01,0.95,14.95,58.91
2016-06-01,0.8,14.8,58.64
2016-07-01,0.85,14.85,58.73
2016-08-01,1.02,15.02,59.04
2016-09-01,0.91,14.91,58.84
2016-10-01,0.89,14.89,58.8
2016-11-01,0.92,14.92,58.86
2016-12-01,0.86,14.86,58.75
2017-01-01,1.02,15.02,59.04
2017-02-01,1.14,15.14,59.25
2017-03-01,1.16,15.16,59.29
2017-04-01,0.94,14.94,58.89
2017-05-01,0.91,14.91,58.84
2017-06-01,0.72,14.72,58.5
2017-07-01,0.82,14.82,58.68
2017-08-01,0.87,14.87,58.77
2017-09-01,0.77,14.77,58.59
2017-10-01,0.9,14.9,58.82
2017-11-01,0.88,14.88,58.78
2017-12-01,0.93,14.93,58.87
2018-01-01,0.82,14.82,58.68
2018-02-01,0.85,14.85,58.73
2018-03-01,0.88,14.88,58.78
2018-04-01,0.89,14.89,58.8
2018-05-01,0.82,14.82,58.68
2018-06-01,0.77,14.77,58.59
2018-07-01,0.82,14.82,58.68
2018-08-01,0.76,14.76,58.57
2018-09-01,0.8,14.8,58.64
2018-10-01,1.02,15.02,59.04
2018-11-01,0.82,14.82,58.68
2018-12-01,0.91,14.91,58.84
2019-01-01,0.93,14.93,58.87
2019-02-01,0.95,14.95,58.91
2019-03-01,1.17,15.17,59.31
2019-04-01,1.01,15.01,59.02
2019-05-01,0.85,14.85,58.73
2019-06-01,0.9,14.9,58.82
2019-07-01,0.94,14.94,58.89
2019-08-01,0.95,14.95,58.91
2019-09-01,0.93,14.93,58.87
2019-10-01,1.01,15.01,59.02
2019-11-01,0.99,14.99,58.98
2019-12-01,1.09,15.09,59.16
2020-01-01,1.17,15.17,59.31
2020-02-01,1.24,15.24,59.43
2020-03-01,1.17,15.17,59.31
2020-04-01,1.13,15.13,59.23
2020-05-01,1.01,15.01,59.02
2020-06-01,0.92,14.92,58.86
2020-07-01,0.9,14.9,58.82
2020-08-01,0.87,14.87,58.77
2020-09-01,0.99,14.99,58.98
2020-10-01,0.88,14.88,58.78
2020-11-01,1.1,15.1,59.18
2020-12-01,0.81,14.81,58.66
2021-01-01,0.81,14.81,58.66
2021-02-01,0.64,14.64,58.35
2021-03-01,0.88,14.88,58.78
2021-04-01,0.75,14.75,58.55
2021-05-01,0.78,14.78,58.6
2021-06-01,0.84,14.84,58.71
2021-07-01,0.92,14.92,58.86
2021-08-01,0.82,14.82,58.68
2021-09-01,0.92,14.92,58.86
2021-10-01,1,15,59
2021-11-01,0.94,14.94,58.89
2021-12-01,0.85,14.85,58.73
2022-01-01,0.91,14.91,58.84
2022-02-01,0.89,14.89,58.8
2022-03-01,1.05,15.05,59.09
2022-04-01,0.83,14.83,58.69
2022-05-01,0.84,14.84,58.71
2022-06-01,0.92,14.92,58.86
2022-07-01,0.93,14.93,58.87
2022-08-01,0.95,14.95,58.91
2022-09-01,0.9,14.9,58.82
2022-10-01,0.97,14.97,58.95
2022-11-01,0.73,14.73,58.51
2022-12-01,0.79,14.79,58.62
2023-01-01,0.87,14.87,58.77
2023-02-01,0.98,14.98,58.96
2023-03-01,1.2,15.2,59.36
2023-04-01,1,15,59
2023-05-01,0.93,14.93,58.87
2023-06-01,1.08,15.08,59.14
2023-07-01,1.18,15.18,59.32